"Code";"Libre";"Nom";"CP";"Com";"Ville";"Com";"Téléphone";"Com";"";"";"";""
"F0358";"69200";"VENISSIEUX";"0472502244";"";"";"";"";"";"";"";"";""
"F00000000522";"";"";"";"";"";"";"";"";"";"";"";""
"F00000000523";"";"";"";"";"";"";"";"";"";"";"";""
"F00000000562";"2CI";"67120";"DUPPIGHEIM";"0388497729";"";"";"";"";"";"";"";""
"F00000000517";"A.B.C.";"ENERGIES";"42230";"SAINT-VICTOR-SUR-LOIRE";"06";"13";"766";"521";"";"";"";""
"F0034";"A.P.G";"FRANCE";"95500";"LE";"THILLAY";"0130189270";"";"";"";"";"";""
"F0002";"AB";"AUTOBILAN";"42";"POIDS";"LOURDS";"04";"77";"55";"58";"20";"";""
"F0004";"AB";"TELECOM";"";"";"";"";"";"";"";"";"";""
"F0001";"ABATE";"";"";"";"";"";"";"";"";"";"";""
"F00000000525";"ABC";"ENERGIE";"42230";"SAINT";"VICTOR";"SUR";"LOIRE";"0613766521";"";"";"";""
"F0003";"ABG";"";"";"";"";"";"";"";"";"";"";""
"F00000000509";"ACCEL";"42400";"SAINT";"CHAMOND";"04";"77";"29";"21";"82";"";"";""
"F0005";"ACCORE";"DIFFUSION";"69265";"LYON";"CEDEX";"09";"0478648733";"";"";"";"";""
"F0006";"ACCORSERVICE";"";"";"";"";"";"";"";"";"";"";""
"F0007";"ACF";"";"";"";"";"";"";"";"";"";"";""
"F0008";"ACI";"";"";"";"";"";"";"";"";"";"";""
"F00000000469";"ACME";"43290";"MONTFAUCON";"EN";"VELAY";"04";"71";"65";"69";"22";"";""
"F0009";"ACOR";"";"";"";"";"";"";"";"";"";"";""
"F00000000565";"ACTION";"LIFT";"45590";"SAINT";"CYR";"EN";"VAL";"0984090373";"";"";"";""
"F0010";"ACTITEC";"";"";"";"";"";"";"";"";"";"";""
"F0011";"AD";"AUTO";"DISTRIBUTION";"";"";"";"";"";"";"";"";""
"F0014";"AD";"HOC'LOC";"";"";"";"";"";"";"";"";"";""
"F00000000497";"ADA";"42000";"SAINT-ETIENNE";"0477389585";"";"";"";"";"";"";"";""
"F00000000486";"ADAM";"HALL";"+34933635363";"";"";"";"";"";"";"";"";""
"F0012";"ADB";"94230";"CACHAN";"0145361790";"";"";"";"";"";"";"";""
"F0013";"ADECCO";"";"";"";"";"";"";"";"";"";"";""
"F0015";"ADPCL";"";"";"";"";"";"";"";"";"";"";""
"F00000000533";"ADS";"42100";"SAINT";"ETIENNE";"";"";"";"";"";"";"";""
"F00000000532";"ADTECH";"42680";"ST";"MARCELLIN";"EN";"FOREZ";"0477528257";"";"";"";"";""
"F0016";"AED";"RENT";"02830";"willebroek";"0149340000";"";"";"";"";"";"";""
"F0017";"AFFICHES";"DE";"LA";"LOIRE";"";"";"";"";"";"";"";""
"F0018";"AFFIRMATIF";"SYSTEME";"";"";"";"";"";"";"";"";"";""
"F0019";"AFL";"0477797935";"";"";"";"";"";"";"";"";"";""
"F0020";"AGIS";"";"";"";"";"";"";"";"";"";"";""
"AGORA";"AGORA";"";"";"";"";"";"";"";"";"";"";""
"F0021";"AINHELIO";"";"";"";"";"";"";"";"";"";"";""
"F0022";"AIR";"FRANCE";"";"";"";"";"";"";"";"";"";""
"F0023";"AKKAL";"AVOCAT";"";"";"";"";"";"";"";"";"";""
"F0024";"ALBREGUE";"";"";"";"";"";"";"";"";"";"";""
"F00000000005";"ALGAM";"44470";"THOUARE";"0240183700";"";"";"";"";"";"";"";""
"F0026";"ALISEES";"";"";"";"";"";"";"";"";"";"";""
"F0027";"ALLEMAND";"";"";"";"";"";"";"";"";"";"";""
"F0028";"ALOES";"";"";"";"";"";"";"";"";"";"";""
"F0029";"ALP'EMPLOI";"";"";"";"";"";"";"";"";"";"";""
"F0030";"ALPHA";"BUREAU";"42100";"SAINT-ETIENNE";"";"";"";"";"";"";"";""
"F0031";"AMBIANCE";"ET";"LUMIERE";"";"";"";"";"";"";"";"";""
"F0032";"AMIELEC";"";"";"";"";"";"";"";"";"";"";""
"F0033";"ANAF";"J.C.";"";"";"";"";"";"";"";"";"";""
"F00000000527";"ANCHOR";"";"";"";"";"";"";"";"";"";"";""
"F0035";"AP";"INGENIERIE";"";"";"";"";"";"";"";"";"";""
"F00000000441";"APEX-AUDIO";"93200";"ST";"DENIS";"01";"42";"43";"11";"33";"";"";""
"F00000000481";"APG";"95500";"LE";"THILLAY";"01";"30";"18";"92";"81";"";"";""
"F00000000448";"APPELS";"";"";"";"";"";"";"";"";"";"";""
"F0036";"APPLE";"";"";"";"";"";"";"";"";"";"";""
"F0037";"APTES";"FOURNISSEUR";"";"";"";"";"";"";"";"";"";""
"F0038";"ARACHNÉE";"FRS";"";"";"";"";"";"";"";"";"";""
"F00000000488";"ARBITER";"";"";"";"";"";"";"";"";"";"";""
"F00000000489";"ARBITER";"44600";"ST";"NAZAIRE";"02";"40";"11";"05";"05";"";"";""
"F00000000485";"AREITEC";"75015";"PARIS";"01";"45";"30";"21";"23";"";"";"";""
"F0039";"ARIANE";"";"";"";"";"";"";"";"";"";"";""
"F0040";"ARLEQUIN";"";"";"";"";"";"";"";"";"";"";""
"F0041";"ARPEGE";"Son";"Lumières";"06640";"Saint";"Jeannet";"0492124545";"";"";"";"";""
"F00000000541";"ARS";"69330";"PUISIGNAN";"";"";"";"";"";"";"";"";""
"F0042";"ARSENIC";"ET";"CHAMPAGNE";"";"";"";"";"";"";"";"";""
"F0043";"ASD";"08460";"LALOBBE";"0324594191";"";"";"";"";"";"";"";""
"F0044";"ASF";"";"";"";"";"";"";"";"";"";"";""
"F00000000537";"ASG";"";"";"";"";"";"";"";"";"";"";""
"F0045";"ASL";"";"";"";"";"";"";"";"";"";"";""
"F00000000479";"ASL";"FRANCE";"";"";"";"";"";"";"";"";"";""
"F0046";"ATANOR";"0477504535";"";"";"";"";"";"";"";"";"";""
"F0047";"ATELIERS";"LUMIÈRES";"0556431010";"";"";"";"";"";"";"";"";""
"F0048";"ATL";"";"";"";"";"";"";"";"";"";"";""
"F0055";"AU";"JARDIN";"";"";"";"";"";"";"";"";"";""
"F0049";"AUCHAN";"";"";"";"";"";"";"";"";"";"";""
"F0051";"AUDIO";"EQUIPEMENT";"";"";"";"";"";"";"";"";"";""
"F0052";"AUDIO";"MAINTENANCE";"";"";"";"";"";"";"";"";"";""
"F00000000501";"AUDIO";"SUD";"34430";"SAINT";"JEAN";"DE";"VEDAS";"0467274305";"";"";"";""
"F00000000554";"AUDIO";"TECHNICA";"";"";"";"";"";"";"";"";"";""
"F0054";"AUDIO";"TECHNIQUE";"42152";"L'HORME";"0477814959";"";"";"";"";"";"";""
"F00000000466";"AUDIO2";"37300";"JOUE-LES-TOURS";"0247532280";"";"";"";"";"";"";"";""
"F00000000482";"AUDIOLUX";"26839";"ZELO";"BUON";"PERSICO";"00390290659652";"";"";"";"";"";""
"F0053";"AUDIOPOLE";"77771";"MARNE-LA";"VALLEE";"CEDEX";"4";"0160543200";"";"";"";"";""
"F0056";"AUX";"ARTS";"GRAPHIQUES";"";"";"";"";"";"";"";"";""
"F00000000508";"AVAB";"93200";"SAINT-DENIS";"0142433535";"";"";"";"";"";"";"";""
"F0057";"AVID";"";"";"";"";"";"";"";"";"";"";""
"F0058";"AVIS";"42100";"SAINT-ETIENNE";"04";"77";"79";"99";"27";"";"";"";""
"F0059";"AXA";"ASSURANCE";"";"";"";"";"";"";"";"";"";""
"F00000000452";"AXENTE";"91160";"LONGJUMEAU";"0169105070";"";"";"";"";"";"";"";""
"F00000000521";"AZ";"LOCATION";"";"";"";"";"";"";"";"";"";""
"F0060";"AZUR";"SCENIQUE";"06640";"ST";"JEANNET";"04";"92";"12";"04";"00";"";""
"F0063";"B.B.A";"emballages";"42016";"Saint";"Etienne";"0477421212";"";"";"";"";"";""
"F0431";"BACKLINE&PIANOS";"69008";"Lyon";"0437902528";"";"";"";"";"";"";"";""
"F0061";"BATILO";"";"";"";"";"";"";"";"";"";"";""
"F0062";"BATIM";"ALU";"";"";"";"";"";"";"";"";"";""
"F0064";"BDLJ";"";"";"";"";"";"";"";"";"";"";""
"F0065";"BEAL";"PEINTURE";"42100";"Saint";"Etienne";"0477815030";"";"";"";"";"";""
"F0066";"BEK";"";"";"";"";"";"";"";"";"";"";""
"F0067";"BERMUST";"";"";"";"";"";"";"";"";"";"";""
"F0068";"BERNARD";"TRUCKS";"";"";"";"";"";"";"";"";"";""
"F0069";"BERTOMEU";"LEVAGE";"42011";"SAINT-ETIENNE";"0477958282";"";"";"";"";"";"";""
"F00000000547";"BESS";"PRODUCTION";"";"";"";"";"";"";"";"";"";""
"F00000000001";"BEST";"AUDIO";"95947";"ROISSY";"CDG";"0134382534";"";"";"";"";"";""
"F0071";"BIMP";"";"";"";"";"";"";"";"";"";"";""
"F0072";"BM";"DISTRIBUTION";"";"";"";"";"";"";"";"";"";""
"F0073";"BM";"UNIFORME";"";"";"";"";"";"";"";"";"";""
"F00000000006";"BOGEN";"IMAGING";"28630";"NOGENT";"LE";"PHAYE";"02";"37";"31";"99";"13";""
"F0074";"BOGEN";"IMAGING";"";"";"";"";"";"";"";"";"";""
"F0075";"BONJOUR";"ANNONCES";"";"";"";"";"";"";"";"";"";""
"F0076";"BONNET";"CORDONNERIE";"";"";"";"";"";"";"";"";"";""
"F0077";"BOOST";"94200";"Ivry-sur-seine";"0158461515";"";"";"";"";"";"";"";""
"F0078";"BOSE";"FRANCE";"";"";"";"";"";"";"";"";"";""
"F0079";"BOULANGER";"";"";"";"";"";"";"";"";"";"";""
"F0080";"BOXER";"";"";"";"";"";"";"";"";"";"";""
"F0081";"BOYER";"CLEMENT";"PEGAND";"";"";"";"";"";"";"";"";""
"F0082";"BP";"FRANCE";"";"";"";"";"";"";"";"";"";""
"F0083";"BRICO";"BATI";"JARDI";"";"";"";"";"";"";"";"";""
"F0084";"BRICO";"DEPOT";"";"";"";"";"";"";"";"";"";""
"F0085";"BRICO";"MARCHÉ";"";"";"";"";"";"";"";"";"";""
"F0086";"BROSSAT";"COMMISSAIRE";"";"";"";"";"";"";"";"";"";""
"F0087";"BST";"";"";"";"";"";"";"";"";"";"";""
"F0088";"BUDGET";"42000";"SAINT-ETIENNE";"0477432643";"";"";"";"";"";"";"";""
"F0089";"BUT";"";"";"";"";"";"";"";"";"";"";""
"F00000000506";"CAE";"GROUP";"91320";"WISSOUS";"0478050576";"";"";"";"";"";"";""
"F0090";"CALBERSON";"";"";"";"";"";"";"";"";"";"";""
"F0091";"CANDEL";"";"";"";"";"";"";"";"";"";"";""
"F0093";"CAP";"42";"";"";"";"";"";"";"";"";"";""
"F0094";"CAP";"AUDIO";"77340";"PONTAULT-COMBAULT";"";"";"";"";"";"";"";""
"F0095";"CAPY";"";"";"";"";"";"";"";"";"";"";""
"F0097";"CAR";"GO";"";"";"";"";"";"";"";"";"";""
"F0096";"CARBOXYQUE";"";"";"";"";"";"";"";"";"";"";""
"F0098";"CARLIER";"IMBERT";"";"";"";"";"";"";"";"";"";""
"F0099";"CARREFOUR";"DES";"CE";"";"";"";"";"";"";"";"";""
"F0100";"CARREFOUR";"DU";"SON";"0477748874";"";"";"";"";"";"";"";""
"F00000000454";"CARROSSERIE";"DARAGON";"42000";"SAINT-ETIENNE";"04";"77";"48";"16";"76";"";"";""
"F0317";"CARROSSERIE";"PERRIER";"";"";"";"";"";"";"";"";"";""
"F0101";"CARROT";"";"";"";"";"";"";"";"";"";"";""
"F0102";"CARTONNAGE";"STEPHANOIS";"";"";"";"";"";"";"";"";"";""
"F0103";"CASH";"CONVERT";"";"";"";"";"";"";"";"";"";""
"F0104";"CASINO";"";"";"";"";"";"";"";"";"";"";""
"F0105";"CASTORAMA";"";"";"";"";"";"";"";"";"";"";""
"F0106";"CCI";"";"";"";"";"";"";"";"";"";"";""
"F0107";"CEF";"42000";"SAINT-ETIENNE";"04";"77";"06";"06";"06";"";"";"";""
"F00000000510";"CEG";"CLOTURES";"42490";"FRAISSES";"04";"77";"73";"92";"62";"";"";""
"F0108";"CEGETEL";"";"";"";"";"";"";"";"";"";"";""
"F0109";"CENI";"";"";"";"";"";"";"";"";"";"";""
"F0110";"CGE";"DISTRIBUTION";"";"";"";"";"";"";"";"";"";""
"F0111";"CGL";"";"";"";"";"";"";"";"";"";"";""
"F0112";"CHAMPION";"";"";"";"";"";"";"";"";"";"";""
"F00000000444";"CHARTON";"PATRICK";"";"";"";"";"";"";"";"";"";""
"F0113";"CHATAIN";"POIDS";"LOURDS";"";"";"";"";"";"";"";"";""
"F00000000573";"CHAUVET";"";"";"";"";"";"";"";"";"";"";""
"F0114";"CHMIELARZ";"Serge";"";"";"";"";"";"";"";"";"";""
"F0115";"CHOVET";"";"";"";"";"";"";"";"";"";"";""
"F0116";"CHROMEX";"";"";"";"";"";"";"";"";"";"";""
"F0117";"CHRONOPOST";"";"";"";"";"";"";"";"";"";"";""
"F0118";"CINECO";"93330";"NEUILLY";"SUR";"MARNE";"0149446015";"";"";"";"";"";""
"F0119";"CINEMA";"LE";"MAJESTIC";"FRS";"42700";"FIRMINY";"0477560122";"";"";"";"";""
"F00000000564";"CINOD";"";"";"";"";"";"";"";"";"";"";""
"F0120";"CLARK";"";"";"";"";"";"";"";"";"";"";""
"F0121";"CLASSIC";"AND";"TROUBLE";"";"";"";"";"";"";"";"";""
"F0122";"CLAVIER";"42270";"Saint";"Priest";"en";"Jarez";"0477742005";"";"";"";"";""
"F0123";"CLE";"";"";"";"";"";"";"";"";"";"";""
"F0124";"CLG";"69002";"LYON";"0478386390";"";"";"";"";"";"";"";""
"F0126";"CM-CIC";"BAIL";"FRS";"";"";"";"";"";"";"";"";""
"F0125";"CMC";"";"";"";"";"";"";"";"";"";"";""
"F0127";"CMS";"";"";"";"";"";"";"";"";"";"";""
"F0128";"CNL";"";"";"";"";"";"";"";"";"";"";""
"F0129";"COM";"";"";"";"";"";"";"";"";"";"";""
"F0130";"CONCERT";"SYSTEMES";"38370";"SAINT-CLAIR";"DU";"RHONE";"04";"74";"56";"43";"73";""
"F0131";"CONSTANCE";"PRODUCTION";"";"";"";"";"";"";"";"";"";""
"F0132";"CORBAS";"MANUTENTION";"";"";"";"";"";"";"";"";"";""
"F0133";"CORDONNERIE-CLÉ";"";"";"";"";"";"";"";"";"";"";""
"F0134";"CP";"FRANCE";"";"";"";"";"";"";"";"";"";""
"F0135";"CP";"ORGANISATION";"FOUR";"";"";"";"";"";"";"";"";""
"F00000000002";"CSI";"94832";"FRESNES";"0146154709";"";"";"";"";"";"";"";""
"F00000000494";"D.E.S.";"DISTRIBUTION";"78690";"LES";"ESSARTS";"LE";"ROI";"01";"30";"88";"97";"97"
"F00000000545";"D'HITELEM";"0477256448";"";"";"";"";"";"";"";"";"";""
"F00000000502";"DADIS";"93217";"LA";"PLAINE";"SAINT";"DENIS";"0149181900";"";"";"";"";""
"F0137";"DAGRAÇA";"CARROSSERIE";"";"";"";"";"";"";"";"";"";""
"F0138";"DARTY";"";"";"";"";"";"";"";"";"";"";""
"F0139";"DECATHLON";"";"";"";"";"";"";"";"";"";"";""
"F0140";"DEKRA";"42000";"SAINT-ETIENNE";"04";"77";"93";"27";"88";"";"";"";""
"F00000000484";"DELTA";"SERVICE";"69960";"CORBAS";"04";"72";"90";"00";"10";"";"";""
"F0141";"DERVIEUX";"";"";"";"";"";"";"";"";"";"";""
"F0142";"DESCOURS";"&";"CABAUD";"42000";"saint";"etienne";"0477921192";"";"";"";"";""
"F0143";"DIAFORA";"12350";"Compolibat";"0565291600";"";"";"";"";"";"";"";""
"F00000000529";"DIMATEC";"91350";"GRIGNY";"0169021021";"";"";"";"";"";"";"";""
"F0144";"DIRECT";"RENT";"";"";"";"";"";"";"";"";"";""
"F0145";"DISPATCH";"95947";"ROISSY";"CDG";"CEDEX";"01";"48";"63";"22";"02";"";""
"F00000000460";"DISTRIBUTION";"PAN";"35000";"RENNES";"02";"99";"14";"52";"10";"";"";""
"F0146";"DIVERS";"";"";"";"";"";"";"";"";"";"";""
"F0147";"DLM";"";"";"";"";"";"";"";"";"";"";""
"F0148";"DOCTEUR";"LASER";"";"";"";"";"";"";"";"";"";""
"F0149";"DOMAINE";"KI";"MONTE";"";"";"";"";"";"";"";"";""
"F0150";"DOUANES";"";"";"";"";"";"";"";"";"";"";""
"F00000000560";"DPA";"";"";"";"";"";"";"";"";"";"";""
"F0151";"DRIRE";"";"";"";"";"";"";"";"";"";"";""
"F0152";"DSMA";"";"";"";"";"";"";"";"";"";"";""
"F0153";"DTS";"FOUR";"";"";"";"";"";"";"";"";"";""
"F0154";"DUCROS";"TRANSPORTS";"";"";"";"";"";"";"";"";"";""
"F0155";"DUFAUD";"";"";"";"";"";"";"";"";"";"";""
"F00000000552";"DUSHOW";"PARIS";"";"";"";"";"";"";"";"";"";""
"F00000000459";"DV2";"93290";"TREMBLAY";"EN";"FRANCE";"03";"87";"30";"00";"00";"";""
"F0157";"DYNA";"SYSTEMS";"";"";"";"";"";"";"";"";"";""
"F0156";"DYNAMIC";"AUDIO";"";"";"";"";"";"";"";"";"";""
"F0158";"EARSONIC";"";"";"";"";"";"";"";"";"";"";""
"F0159";"EASY";"COM";"AUDIO";"34470";"PEROLS";"0467272776";"";"";"";"";"";""
"F0160";"ECHELLE";"42";"";"";"";"";"";"";"";"";"";""
"F0161";"ECHINARD";"ET";"FAURE";"";"";"";"";"";"";"";"";""
"F00000000507";"ECLALUX";"94386";"BONNEUIL";"SUR";"MARNE";"CEDEX";"0146729953";"";"";"";"";""
"F0162";"EDF-GDF";"";"";"";"";"";"";"";"";"";"";""
"F0163";"EDIROL";"77462";"ST";"THILBAULT-LAGNY";"CEDEX";"0810000371";"";"";"";"";"";""
"F0164";"EDMOND";"PETIT";"94124";"FONTENAY-SOUS-BOIS";"CEDEX";"0145141820";"";"";"";"";"";""
"F00000000539";"EET";"";"";"";"";"";"";"";"";"";"";""
"F00000000544";"ELECTRO";"DEPOT";"";"";"";"";"";"";"";"";"";""
"F0165";"ENCHERES";"NET";"";"";"";"";"";"";"";"";"";""
"F00000000480";"ENTREPRISE";"RENT-A-CAR";"42100";"SAINT";"ETIENNE";"0477341342";"";"";"";"";"";""
"F0166";"EQUIP'AUTO";"42042";"ST";"ETIENNE";"CEDEX";"1";"04";"77";"32";"16";"33";""
"F00000000003";"ESL";"34970";"LATTES";"0499132828";"";"";"";"";"";"";"";""
"F0168";"ESPACE";"MUSIQUE";"34130";"ST";"AUNES";"04";"67";"20";"03";"89";"";""
"F0172";"EURO";"TYRE";"";"";"";"";"";"";"";"";"";""
"F0169";"EUROMASTER";"";"";"";"";"";"";"";"";"";"";""
"F0171";"EUROP";"POIDS";"LOURDS";"";"";"";"";"";"";"";"";""
"F0170";"EUROPODIUM";"67190";"GRESSWILLER";"0388487788";"";"";"";"";"";"";"";""
"F0173";"EVI";"77185";"LOGNES";"0164800090";"";"";"";"";"";"";"";""
"F0175";"EXPE-SPELEMAT";"";"";"";"";"";"";"";"";"";"";""
"F00000000553";"EXPELEC";"";"";"";"";"";"";"";"";"";"";""
"F0174";"EXPERT";"";"";"";"";"";"";"";"";"";"";""
"F0176";"FA";"MUSIQUE";"69120";"VAULX-EN-VELIN";"0478790398";"";"";"";"";"";"";""
"F00000000491";"FACE";"2850";"BOOM";"003238446797";"";"";"";"";"";"";"";""
"F0177";"FARNELL";"";"";"";"";"";"";"";"";"";"";""
"F0178";"FASCEN";"67319";"WASSELONNE";"CEDEX";"03";"88";"87";"44";"22";"";"";""
"F0179";"FAVACOUTIQ";"";"";"";"";"";"";"";"";"";"";""
"F0180";"FAVIER";"";"";"";"";"";"";"";"";"";"";""
"F00000000540";"FDE";"DISTRIBATT";"42160";"ANDREIZUEX";"BOUTHEON";"0477558879";"";"";"";"";"";""
"F00000000576";"FERMETURES";"HABITAT";"";"";"";"";"";"";"";"";"";""
"F0181";"FEU";"VERT";"";"";"";"";"";"";"";"";"";""
"F0182";"FNAC";"SA";"91323";"WISSOUS";"CEDEX";"";"";"";"";"";"";""
"F0183";"FONTVIEILLE";"";"";"";"";"";"";"";"";"";"";""
"F0184";"FOREZ";"BOISSON";"";"";"";"";"";"";"";"";"";""
"F0185";"FOREZ";"COMBUSTION";"";"";"";"";"";"";"";"";"";""
"F00000000528";"FORM";"XL";"55270";"BOUREUILLES";"0329807832";"";"";"";"";"";"";""
"F0249";"FRAIKIN";"LOCAMION";"0477930019";"";"";"";"";"";"";"";"";""
"F00000000534";"FRANCE";"CARS";"42000";"SAINT-ETIENNE";"0477011100";"";"";"";"";"";"";""
"F0187";"FRANCE";"TELECOM";"";"";"";"";"";"";"";"";"";""
"F00000000516";"FREEVOX";"93420";"VILLEPINTE";"0820230007";"";"";"";"";"";"";"";""
"F0188";"GALAXIE";"MOTO";"FRS";"";"";"";"";"";"";"";"";""
"F0189";"GALAXY";"PRODUCTION";"";"";"";"";"";"";"";"";"";""
"F0190";"GAMME";"VERT";"";"";"";"";"";"";"";"";"";""
"F0191";"GAP";"ASSURANCE";"";"";"";"";"";"";"";"";"";""
"F0339";"GARAGE";"DE";"VILLETTE";"42580";"L'ETRAT";"0477913676";"";"";"";"";"";""
"F0186";"GARAGE";"FRAISSE";"42390";"VILLARS";"CEDEX";"04";"77";"92";"30";"10";"";""
"F0279";"GARAGE";"MEYRIEUX";"";"";"";"";"";"";"";"";"";""
"F0192";"GATTE";"FOURNISSEUR";"";"";"";"";"";"";"";"";"";""
"F0193";"GEANT";"";"";"";"";"";"";"";"";"";"";""
"F0194";"GEDIS";"";"";"";"";"";"";"";"";"";"";""
"F00000000551";"GEWA";"";"";"";"";"";"";"";"";"";"";""
"F0196";"GFF";"";"";"";"";"";"";"";"";"";"";""
"F0197";"GHS";"";"";"";"";"";"";"";"";"";"";""
"F0198";"GIER";"MANUTENTION";"42152";"L'";"HORME";"0477312874";"";"";"";"";"";""
"F0195";"GL";"EVENTS";"69530";"LYON-BRIGNAIS";"0472315454";"";"";"";"";"";"";""
"F0199";"GREFFE";"DU";"TRIBUNAL";"";"";"";"";"";"";"";"";""
"F0200";"GRENIER";"";"";"";"";"";"";"";"";"";"";""
"F0201";"GUIL";"";"";"";"";"";"";"";"";"";"";""
"GUILLET";"GUILLET";"";"";"";"";"";"";"";"";"";"";""
"F00000000549";"GUITARE";"AVENUE";"42000";"SAINT-ETIENNE";"0477549806";"";"";"";"";"";"";""
"F0202";"HALOGENE";"";"";"";"";"";"";"";"";"";"";""
"F0203";"HAUTIÈRE";"";"";"";"";"";"";"";"";"";"";""
"F0204";"HELI";"INFORMATIQUE";"";"";"";"";"";"";"";"";"";""
"F00000000467";"HEPPNER";"42100";"ST";"ETIENNER";"04";"77";"48";"18";"48";"";"";""
"F0205";"HIFISCOPE";"";"";"";"";"";"";"";"";"";"";""
"F00000000515";"HIGHLITE";"";"";"";"";"";"";"";"";"";"";""
"F0206";"HILTI";"";"";"";"";"";"";"";"";"";"";""
"F0207";"HP";"MUSIC";"";"";"";"";"";"";"";"";"";""
"F0208";"HR";"";"";"";"";"";"";"";"";"";"";""
"F0209";"ILME";"42160";"Andrézieux-Boutheon";"0477362336";"";"";"";"";"";"";"";""
"F00000000530";"IMEDIA";"LOCATION";"42350";"LA";"TALAUDIERE";"0477011022";"";"";"";"";"";""
"F0210";"IMPACT";"EVENEMENT";"91160";"LONGJUMEAU";"0169105050";"";"";"";"";"";"";""
"F0211";"IN";"FOLIO";"";"";"";"";"";"";"";"";"";""
"F00000000498";"INTEROUGE";"63100";"CLERMONT-FERRAND";"04";"73";"92";"84";"91";"";"";"";""
"F00000000520";"IPE";"MUSIC";"85340";"OLONNESUR";"MER";"02";"51";"32";"20";"35";"";""
"F00000000496";"IRELEM";"71880";"CHATENOY-LE-ROYAL";"0385464217";"";"";"";"";"";"";"";""
"F0213";"ISOGARD";"";"";"";"";"";"";"";"";"";"";""
"F0214";"JAMES";"IRON";"PRODUCTION";"";"";"";"";"";"";"";"";""
"F0215";"JBK";"AUDIO";"0142437127";"";"";"";"";"";"";"";"";""
"F0216";"JET";"SERVICE";"94150";"RUNGIS";"01";"46";"87";"28";"58";"";"";""
"F0218";"JPG";"";"";"";"";"";"";"";"";"";"";""
"F00000000505";"JUKE";"BOX";"LIMITED";"93210";"LA";"PLAINE";"ST";"DENIS";"0155931111";"";"";""
"F0223";"K";"TRANS";"42042";"SAINT-ETIENNE";"0477481848";"";"";"";"";"";"";""
"F0220";"KHALED";"BEN";"YAHIA";"";"";"";"";"";"";"";"";""
"F0221";"KILOUTOU";"";"";"";"";"";"";"";"";"";"";""
"F0222";"KINGJOUETS";"";"";"";"";"";"";"";"";"";"";""
"F00000000451";"KLOTZ";"France";"31340";"VACQUIRES";"0561840529";"";"";"";"";"";"";""
"F00000000004";"L-acoustics";"91462";"MARCOUSSIS-CEDEX";"0169636963";"";"";"";"";"";"";"";""
"F00000000514";"L'ETES";"CHAPITEAUX";"69140";"RILLIEUX-LA-APE";"04";"78";"55";"05";"01";"";"";""
"F0225";"LA";"BOITE";"A";"SONS";"69100";"VILEURBANNE";"0472372828";"";"";"";"";""
"F0226";"LA";"BOITE";"NOIRE";"60350";"AUTRECHES";"0344429703";"";"";"";"";"";""
"F0227";"LA";"BOUTIQUE";"DU";"SPECTACLE";"75013";"PARIS";"0169450000";"";"";"";"";""
"F0228";"LA";"CENTRALE";"DES";"PRESTATAIRES";"";"";"";"";"";"";"";""
"F0229";"LA";"COMPAGNIE";"LUMIERE";"ET";"SON";"69300";"CALUIRE";"0437402160";"";"";"";""
"F0232";"LA";"GRANGE";"9";"W";"";"";"";"";"";"";"";""
"F0235";"LA";"POSTE";"";"";"";"";"";"";"";"";"";""
"F0224";"LAB7";"";"";"";"";"";"";"";"";"";"";""
"F0231";"LADY";"KIM";"";"";"";"";"";"";"";"";"";""
"F0233";"LAHO";"0477481700";"";"";"";"";"";"";"";"";"";""
"F0234";"LANZANI";"GAETAN";"";"";"";"";"";"";"";"";"";""
"F0236";"LAURENT";"POIDS";"LOURD";"42000";"SAINT-ETIENNE";"04";"77";"47";"51";"51";"";""
"F0237";"LAVAGE";"POIDS";"LOURDES";"2000";"";"";"";"";"";"";"";""
"F0238";"LAYHER";"38670";"CHASSE";"SUR";"RHONE";"0472310051";"";"";"";"";"";""
"F0239";"LCB";"DISTRIBUTION";"78820";"Juziers";"0134756465";"";"";"";"";"";"";""
"F00000000556";"LDLC";"";"";"";"";"";"";"";"";"";"";""
"F0240";"LDTM";"";"";"";"";"";"";"";"";"";"";""
"F0241";"LE";"42";"";"";"";"";"";"";"";"";"";""
"F0243";"LE";"KIOSQUE";"";"";"";"";"";"";"";"";"";""
"F0242";"LECLERC";"";"";"";"";"";"";"";"";"";"";""
"F0244";"LEROY";"MERLIN";"";"";"";"";"";"";"";"";"";""
"F0245";"LIDL";"";"";"";"";"";"";"";"";"";"";""
"F00000000570";"LIFTKET";"";"";"";"";"";"";"";"";"";"";""
"F0246";"LIME";"LIGHT";"";"";"";"";"";"";"";"";"";""
"F0247";"LINÉAR";"TECHNOLOGIE";"42100";"Saint";"Etienne";"0477814949";"";"";"";"";"";""
"F00000000571";"LITTOCLIME";"";"";"";"";"";"";"";"";"";"";""
"F0248";"LIVINEC";"";"";"";"";"";"";"";"";"";"";""
"F00000000446";"LOCAREST";"04";"77";"59";"00";"01";"";"";"";"";"";""
"F00000000477";"LOCATION";"BLOND";"";"";"";"";"";"";"";"";"";""
"F00000000475";"LOCATION";"GUILLEMIN";"03120";"LAPALISSE";"04";"70";"99";"03";"35";"";"";""
"F00000000457";"LOCMAT";"09";"82";"35";"13";"60";"";"";"";"";"";""
"F0250";"LOGIMARCHÉ";"";"";"";"";"";"";"";"";"";"";""
"F0251";"LOIRE";"AUTO";"LAVAGE";"";"";"";"";"";"";"";"";""
"F0252";"LOIRE";"MATERIAUX";"42290";"Sorbiers";"0477533838";"";"";"";"";"";"";""
"F00000000455";"LOXAM";"POWER";"LYON";"04";"72";"89";"78";"90";"";"";"";""
"F0253";"LOXAM";"RENTAL";"ROANNE";"04";"77";"67";"07";"33";"";"";"";""
"F0254";"LUCKY";"MOTO";"";"";"";"";"";"";"";"";"";""
"F0255";"LUNE";"ET";"L'AUTRE";"FRS";"";"";"";"";"";"";"";""
"F00000000443";"LUTIN";"SONO";"";"";"";"";"";"";"";"";"";""
"F0256";"LYNX";"";"";"";"";"";"";"";"";"";"";""
"F0257";"MACIF";"";"";"";"";"";"";"";"";"";"";""
"F0258";"MACIFILIA";"";"";"";"";"";"";"";"";"";"";""
"F0259";"MACKIE";"0670760836";"";"";"";"";"";"";"";"";"";""
"F0260";"MADIS";"";"";"";"";"";"";"";"";"";"";""
"F0261";"MAG";"COM";"";"";"";"";"";"";"";"";"";""
"F0262";"MAG";"DJ";"FRS";"";"";"";"";"";"";"";"";""
"F0263";"MAGELLAN";"International";"95322";"St-Leu-La-Forêt";"Cdx";"0130408283";"";"";"";"";"";""
"F0264";"MAIN";"DANS";"LA";"MAIN";"";"";"";"";"";"";"";""
"F00000000504";"MAJOR";"AUDIO";"93350";"LE";"BOURGET";"0148376501";"";"";"";"";"";""
"F0265";"MAJOR";"MUSIC";"2000";"";"";"";"";"";"";"";"";""
"F0266";"MANFROTTO";"";"";"";"";"";"";"";"";"";"";""
"F0267";"Manfrotto";"France";"94044";"CRETEIL";"";"";"";"";"";"";"";""
"F0268";"MANGANELLI";"";"";"";"";"";"";"";"";"";"";""
"F0269";"MARIO";"INTERNATIONAL";"";"";"";"";"";"";"";"";"";""
"F0270";"MARTEL";"";"";"";"";"";"";"";"";"";"";""
"F0271";"MARTIN";"FRANCE";"91601";"SAVIGNY";"SYR";"ORGE";"CEDEX";"0169918800";"";"";"";""
"F0272";"MATOS";"";"";"";"";"";"";"";"";"";"";""
"F0273";"MAXI";"MERCAT";"";"";"";"";"";"";"";"";"";""
"F0274";"MBM";"UNIVET";"";"";"";"";"";"";"";"";"";""
"F0275";"MEGA";"SECURITÉ";"";"";"";"";"";"";"";"";"";""
"F0276";"MEGAWATTS";"";"";"";"";"";"";"";"";"";"";""
"F0277";"MELI";"MELODY";"0556759357";"";"";"";"";"";"";"";"";""
"F0278";"MELISON";"";"";"";"";"";"";"";"";"";"";""
"F00000000536";"METIFIOT";"PNEUS";"047779060";"";"";"";"";"";"";"";"";""
"F0280";"MICHAEL";"PRODUCTION";"FRS";"";"";"";"";"";"";"";"";""
"F0281";"MICROCCASE";"75005";"PARIS";"0145871213";"";"";"";"";"";"";"";""
"F0282";"MIDANE";"";"";"";"";"";"";"";"";"";"";""
"F0283";"MIGALDINE";"";"";"";"";"";"";"";"";"";"";""
"F0284";"MISTER";"MINIT";"";"";"";"";"";"";"";"";"";""
"F00000000575";"MJ-GERÜST";"";"";"";"";"";"";"";"";"";"";""
"F0285";"MONDIAL";"MOQUETTE";"";"";"";"";"";"";"";"";"";""
"F0286";"MONITEURS";"DES";"VENTES";"";"";"";"";"";"";"";"";""
"F0287";"MOSA";"TRAITEUR";"";"";"";"";"";"";"";"";"";""
"F00000000568";"MOVING";"STAGE";"";"";"";"";"";"";"";"";"";""
"F00000000535";"MSC";"DISTRIBUTION";"0180383840";"";"";"";"";"";"";"";"";""
"F0288";"MTI";"";"";"";"";"";"";"";"";"";"";""
"F00000000550";"MUNCH";"";"";"";"";"";"";"";"";"";"";""
"F00000000445";"MUSIC";"PLUS";"";"";"";"";"";"";"";"";"";""
"F0290";"MUSIC";"PRODUCTION";"";"";"";"";"";"";"";"";"";""
"F0289";"MUSICALEMENT";"VOTRE";"";"";"";"";"";"";"";"";"";""
"F0291";"NAMYSL";"42041";"SAINT-ETIENNE";"CEDEX";"1";"04";"77";"33";"20";"21";"";""
"F00000000447";"NATIOINAL";"CITER";"42100";"ST";"ETIENNE";"04";"77";"47";"47";"47";"";""
"F0292";"NETWORKS";"SOLUTION";"";"";"";"";"";"";"";"";"";""
"F0293";"NEUF";"TELECOM";"";"";"";"";"";"";"";"";"";""
"F0294";"NEXO";"60128";"PLAILLY";"0344990070";"";"";"";"";"";"";"";""
"F0295";"NEYRIAL";"";"";"";"";"";"";"";"";"";"";""
"F0296";"NICE";"ACROPOLIS";"";"";"";"";"";"";"";"";"";""
"F0297";"NMA";"SONORISATION";"";"";"";"";"";"";"";"";"";""
"CodeLibre";"Nom";"CP";"Co";"VILLE";"Com";"";"";"";"";"";"";""
"F0298";"NORAUTO";"";"";"";"";"";"";"";"";"";"";""
"F0299";"NORISKO";"";"";"";"";"";"";"";"";"";"";""
"F0217";"NOVELTY";"91160";"LONGJUMEAU";"0146872858";"";"";"";"";"";"";"";""
"F0300";"NOVON";"60490";"MARGNY/MATZ";"03";"44";"42";"64";"06";"";"";"";""
"F0301";"OBI";"";"";"";"";"";"";"";"";"";"";""
"F0302";"ONDINE";"";"";"";"";"";"";"";"";"";"";""
"F00000000561";"OPTIMUM";"CHARIOTS";"TP";"42";"42000";"SAINT";"ETIENNE";"";"";"";"";""
"F0303";"ORANGE";"";"";"";"";"";"";"";"";"";"";""
"F00000000503";"ORAY";"91416";"DOURDAN";"0164599454";"";"";"";"";"";"";"";""
"F0304";"ORCAVOU";"";"";"";"";"";"";"";"";"";"";""
"F0305";"OREFI";"BOQUIN";"D'ARNE";"";"";"";"";"";"";"";"";""
"F00000000499";"OTTO";"91959";"VILLEBON";"CEDEX";"0825801515";"";"";"";"";"";"";""
"F0306";"OXYGEN";"SAV";"69007";"LYON";"0478629064";"";"";"";"";"";"";""
"F00000000442";"PAN";"POT";"";"";"";"";"";"";"";"";"";""
"F0307";"PANEI";"";"";"";"";"";"";"";"";"";"";""
"F0308";"PAR";"EXECELLENCE";"";"";"";"";"";"";"";"";"";""
"F0309";"PARIS";"SPECTACLES";"";"";"";"";"";"";"";"";"";""
"F0310";"PAUL";"42026";"SAINT-ETIENNE";"0477250297";"";"";"";"";"";"";"";""
"F0311";"PAYANT";"";"";"";"";"";"";"";"";"";"";""
"F0312";"PBONHOM";"";"";"";"";"";"";"";"";"";"";""
"F0313";"PCA";"0620341901";"";"";"";"";"";"";"";"";"";""
"F0314";"PEAVEY";"";"";"";"";"";"";"";"";"";"";""
"F0315";"PERFECT";"69393";"Lyon";"Venissieux";"0437532600";"";"";"";"";"";"";""
"F0316";"PERFORM";"ART";"";"";"";"";"";"";"";"";"";""
"F0318";"PETIT";"QUINCAILLERIE";"42100";"SAINT";"ETIENNE";"0477813080";"";"";"";"";"";""
"F0319";"PHIO";"";"";"";"";"";"";"";"";"";"";""
"F00000000500";"PHLIPPO";"2500";"LIER";"003234919170";"";"";"";"";"";"";"";""
"F0320";"PHONE";"HOUSE";"";"";"";"";"";"";"";"";"";""
"F0321";"PITIOT";"";"";"";"";"";"";"";"";"";"";""
"F0322";"PIXMANIA";"";"";"";"";"";"";"";"";"";"";""
"F00000000493";"POINT";"P";"42000";"ST";"ETIENNE";"04";"77";"79";"13";"14";"";""
"F0323";"POLYCAR";"";"";"";"";"";"";"";"";"";"";""
"F0324";"PRESSING";"DU";"SOLEIL";"";"";"";"";"";"";"";"";""
"F0325";"PRO";"BACK";"LINE";"0610242382";"";"";"";"";"";"";"";""
"F0326";"PROGESTIC";"";"";"";"";"";"";"";"";"";"";""
"F0327";"PROLUX";"75016";"PARIS";"0146047722";"";"";"";"";"";"";"";""
"F0328";"PROMO";"TISSUS";"";"";"";"";"";"";"";"";"";""
"F0329";"PROSEGUR";"";"";"";"";"";"";"";"";"";"";""
"F0330";"RACCHINI";"";"";"";"";"";"";"";"";"";"";""
"F0331";"RADIO";"2";"0477373283";"";"";"";"";"";"";"";"";""
"F0332";"RADIOSPARES";"";"";"";"";"";"";"";"";"";"";""
"F0333";"RAJA";"";"";"";"";"";"";"";"";"";"";""
"F00000000519";"RAMI";"AUDIO";"77600";"BUSSY-SAINT-GEORGES";"0164662020";"";"";"";"";"";"";""
"F0334";"RAOUL";"PETITE";"";"";"";"";"";"";"";"";"";""
"F0335";"RAVON";"AUTOMOBILE";"";"";"";"";"";"";"";"";"";""
"F0336";"RCF";"FRANCE";"";"";"";"";"";"";"";"";"";""
"F0337";"REGIE";"LUMIERE";"";"";"";"";"";"";"";"";"";""
"F00000000464";"RENAULT";"ALLIANCE";"42000";"ST-ETIENNE";"04";"77";"32";"43";"52";"";"";""
"F0338";"RENAULT";"TRUCKS";"GARAGE";"DE";"VILLETTE";"42580";"L'ETRAT";"04";"77";"91";"36";"76"
"F0340";"RENT";"A";"CAR";"";"";"";"";"";"";"";"";""
"F450";"RENT";"UP";"";"";"";"";"";"";"";"";"";""
"F0341";"RENTAL";"";"";"";"";"";"";"";"";"";"";""
"F0342";"REX";"ROTARY";"";"";"";"";"";"";"";"";"";""
"F0212";"REXEL";"42000";"SAINT-ETIENNE";"04";"77";"92";"86";"10";"";"";"";""
"F0343";"RICHARD";"OLIVIER";"";"";"";"";"";"";"";"";"";""
"F0344";"RIGGING";"26260";"CLERIEUX";"0475715982";"";"";"";"";"";"";"";""
"F0345";"RIZZA-BELLIA";"";"";"";"";"";"";"";"";"";"";""
"F00000000538";"ROBE";"95926";"ROISSY";"CDG";"CEDEX";"0148638481";"";"";"";"";"";""
"F0346";"ROBELPHONE";"69360";"ST";"SYMPHORIEN";"D'OZON";"04";"78";"02";"41";"44";"";""
"F00000000463";"ROCK-AUDIO";"DISTRIBUTION";"93200";"ST";"DENIS";"01";"42";"43";"95";"91";"";""
"F0347";"ROCLE";"";"";"";"";"";"";"";"";"";"";""
"F00000000456";"RONDSON";"31241";"L'UNION";"CEDEX";"05";"34";"25";"61";"00";"";"";""
"F0348";"RONZY";"INFORMATIQUE";"";"";"";"";"";"";"";"";"";""
"F0349";"ROUGE";"PIVOINE";"";"";"";"";"";"";"";"";"";""
"F00000000471";"RVE";"77440";"LIZY";"SUR";"OURCQ";"0160615300";"";"";"";"";"";""
"F453";"RYTHMES";"&";"SONS";"9711";"ILLKIRCH-GRAFFENSTADEN";"0388650615";"";"";"";"";"";""
"F0351";"S2CEB";"Audio/Video";"91165";"Longjumeau";"Cedex";"0169791405";"";"";"";"";"";""
"F0352";"SACEM";"";"";"";"";"";"";"";"";"";"";""
"F0353";"SAGRA";"42100";"SAINT-ETIENNE";"04";"77";"81";"32";"81";"";"";"";""
"F0354";"SAIMLEASE";"42500";"LE";"CHAMBON";"FEUGEROLLES";"0477617761";"";"";"";"";"";""
"F0355";"SAINT-ETIENNE";"ELECTRO-DIESEL";"";"";"";"";"";"";"";"";"";""
"F00000000465";"SAINT-ETIENNE";"SERVICE";"V.I.";"42160";"ANDREZIEUX";"BOUTHEON";"04";"77";"32";"46";"22";""
"F0356";"SAVE";"DIFFUSION";"42000";"ST";"ETIENNE";"0477794679";"";"";"";"";"";""
"F0357";"SAVITELLE";"";"";"";"";"";"";"";"";"";"";""
"F00000000490";"SCENE";"EVENEMENTS";"69300";"CALUIRE";"ET";"CUIRE";"04";"78";"08";"23";"68";""
"F00000000487";"SCENETEC";"69200";"VENISSIEUC";"0472502244";"";"";"";"";"";"";"";""
"F0359";"SCENIKAL";"FRS";"";"";"";"";"";"";"";"";"";""
"F0360";"SCHMITT";"MARNAS";"";"";"";"";"";"";"";"";"";""
"F0361";"SCI";"AGM";"";"";"";"";"";"";"";"";"";""
"F0363";"SCI";"STAP";"";"";"";"";"";"";"";"";"";""
"F0362";"SCIERIE";"STEPHANOISE";"";"";"";"";"";"";"";"";"";""
"F0364";"SCV";"AUDIO";"95947";"ROISSY";"C.D.G";"Cedex";"0148632211";"";"";"";"";""
"F0365";"SEGECO";"";"";"";"";"";"";"";"";"";"";""
"F0366";"SENNHEISER";"94851";"IVRY";"SUR";"SEINE";"0149870361";"";"";"";"";"";""
"F0367";"SFIC";"";"";"";"";"";"";"";"";"";"";""
"F0368";"SICLI";"";"";"";"";"";"";"";"";"";"";""
"F0369";"SIDE";"UP";"";"";"";"";"";"";"";"";"";""
"F0370";"SIM";"RADIO";"ELECTRONIQUE";"42000";"SAINT-ETIENNE";"0477327462";"";"";"";"";"";""
"F00000000511";"SIPREL";"69380";"LOZANNE";"04";"78";"43";"70";"20";"";"";"";""
"F0371";"SIXT";"";"";"";"";"";"";"";"";"";"";""
"F0372";"SIXTIES";"MEMORIES";"";"";"";"";"";"";"";"";"";""
"F00000000449";"SKYNIGHTS";"";"";"";"";"";"";"";"";"";"";""
"F00000000542";"SL";"TRUCKS";"42100";"SAINT_ETIENNE";"0477254164";"";"";"";"";"";"";""
"F0373";"SNC";"HG";"";"";"";"";"";"";"";"";"";""
"F0374";"SNELLA";"AUTO";"";"";"";"";"";"";"";"";"";""
"F0375";"SODAM";"42700";"FIRMINY";"04";"77";"41";"50";"40";"";"";"";""
"F0376";"SODIGEST";"";"";"";"";"";"";"";"";"";"";""
"F00000000495";"SOGRANLOTRANS";"42290";"SORBIERS";"04";"77";"53";"33";"61";"";"";"";""
"F0377";"SOLYBO-FRANCE";"BOISSONS";"";"";"";"";"";"";"";"";"";""
"F0378";"SONO";"HOUSE";"94200";"0158461515";"";"";"";"";"";"";"";""
"F0379";"SONO";"MAGAZINE";"";"";"";"";"";"";"";"";"";""
"F0380";"SONOSS";"59160";"lomme";"0320009210";"";"";"";"";"";"";"";""
"F0381";"SOPRANZI";"GALVA";"";"";"";"";"";"";"";"";"";""
"F0382";"SOVEMAM";"";"";"";"";"";"";"";"";"";"";""
"F0383";"SPELEMAT";"";"";"";"";"";"";"";"";"";"";""
"F0389";"ST";"MARCELLIN";"IMMOBILIER";"";"";"";"";"";"";"";"";""
"F0384";"STACCO";"67319";"Wasselonne";"Cedex";"0388874422";"";"";"";"";"";"";""
"F0385";"STAFF";"FOURNISSEUR";"";"";"";"";"";"";"";"";"";""
"F0386";"STARWAY";"";"";"";"";"";"";"";"";"";"";""
"F0219";"STE";"K";"";"";"";"";"";"";"";"";"";""
"F0387";"STECOM";"38440";"ARTAS";"0474597660";"";"";"";"";"";"";"";""
"F0388";"STEPHANOISE";"DES";"EAUX";"";"";"";"";"";"";"";"";""
"F0390";"STS";"FOURNISEUR";"";"";"";"";"";"";"";"";"";""
"F0391";"STUDIO";"MAG-FOURNISSEUR";"";"";"";"";"";"";"";"";"";""
"F0392";"STUDIO";"PLUS";"";"";"";"";"";"";"";"";"";""
"F0393";"SUCHAIL";"";"";"";"";"";"";"";"";"";"";""
"F00000000472";"SUD";"SCENIC";"93350";"LE";"BOURGET";"01";"49";"92";"14";"94";"";""
"F0394";"SURDIFUSE";"SA";"75462";"PARIS";"CEDEX";"10";"0147709711";"";"";"";"";""
"F0395";"SWISS";"LIFE";"";"";"";"";"";"";"";"";"";""
"F0396";"SYNPASE";"";"";"";"";"";"";"";"";"";"";""
"F00000000474";"SYNPASE";"75010";"PARIS";"01";"42";"01";"80";"00";"";"";"";""
"F0397";"TBD";"";"";"";"";"";"";"";"";"";"";""
"F0398";"TC";"ELECTRONIQUE";"8240";"RISSKOV";"0800914828";"";"";"";"";"";"";""
"F0399";"TEAC";"FRANCE";"TASCAM";"92182";"Antony";"cedex";"0142370102";"";"";"";"";""
"F0400";"TEISSIER";"42964";"SAINT-ETIENNE";"CEDEX";"9";"04";"77";"79";"53";"53";"";""
"F0403";"TELE";"SERVICE";"";"";"";"";"";"";"";"";"";""
"F0401";"TELE-FLASH";"";"";"";"";"";"";"";"";"";"";""
"F0402";"telephone";"house";"";"";"";"";"";"";"";"";"";""
"F00000000512";"TESCA";"31240";"L'UNION";"0562890829";"";"";"";"";"";"";"";""
"F00000000470";"TEVILOJ";"38200";"VIENNE";"0474317342";"";"";"";"";"";"";"";""
"F00000000483";"TEXEN";"13290";"AIX";"EN";"PROVENCE";"04";"42";"24";"54";"00";"";""
"F00000000524";"TFN";"Propreté";"0623784161";"";"";"";"";"";"";"";"";""
"F0404";"THIVARD";"";"";"";"";"";"";"";"";"";"";""
"F0405";"THIVILLON";"";"";"";"";"";"";"";"";"";"";""
"F00000000478";"THOMANN";"";"";"";"";"";"";"";"";"";"";""
"F0406";"TILT";"AUTO";"";"";"";"";"";"";"";"";"";""
"F0407";"TLA";"HONDA";"";"";"";"";"";"";"";"";"";""
"F00000000546";"TMF";"LOCATION";"";"";"";"";"";"";"";"";"";""
"F0408";"TNT";"";"";"";"";"";"";"";"";"";"";""
"F00000000492";"TOA";"France";"93421";"VILLEPTIN";"CEDEX";"01";"41";"51";"15";"50";"";""
"F0409";"TRANSIT";"63800";"COURNON";"0473693898";"";"";"";"";"";"";"";""
"F0410";"TRANSPALUX";"0478693233";"";"";"";"";"";"";"";"";"";""
"F00000000563";"TRM";"";"";"";"";"";"";"";"";"";"";""
"F0411";"TS";"CABLE";"";"";"";"";"";"";"";"";"";""
"F0412";"TWIN";"";"";"";"";"";"";"";"";"";"";""
"F0413";"UNAL";"";"";"";"";"";"";"";"";"";"";""
"F0414";"UNAL";"42650";"Saint";"Jean";"Bonnefonds";"0477338682";"";"";"";"";"";""
"F00000000548";"UNIVERSON";"";"";"";"";"";"";"";"";"";"";""
"F0415";"UPS";"";"";"";"";"";"";"";"";"";"";""
"F00000000468";"UPS";"42350";"LA";"TALAUDIERE";"0821233877";"";"";"";"";"";"";""
"F0416";"VACHON";"PEINTURES";"42000";"SAINT";"ETIENNE";"0477744668";"";"";"";"";"";""
"F00000000574";"VALENTINI";"";"";"";"";"";"";"";"";"";"";""
"F0417";"VARIA";"FRANCE";"75018";"Paris";"0142095396";"";"";"";"";"";"";""
"F0418";"VEPENET";"";"";"";"";"";"";"";"";"";"";""
"F0419";"VERSEAUX";"";"";"";"";"";"";"";"";"";"";""
"F0421";"VIA";"LOCATION";"";"";"";"";"";"";"";"";"";""
"F0420";"VIALLA";"FOURNISSEUR";"";"";"";"";"";"";"";"";"";""
"F0422";"VIDEOSCOPE";"0477";"";"";"";"";"";"";"";"";"";""
"F0423";"VIKING";"";"";"";"";"";"";"";"";"";"";""
"F0424";"VILVERT";"";"";"";"";"";"";"";"";"";"";""
"F0425";"VISUEL";"27800";"BRIONNE";"0232450377";"";"";"";"";"";"";"";""
"F0426";"VOLKSWAGEN";"";"";"";"";"";"";"";"";"";"";""
"F0427";"VULCAIN";"PNEUS";"42100";"SAINT-ETIENNE";"04";"77";"37";"54";"28";"";"";""
"F0428";"VULCO";"42000";"SAINT-ETIENNE";"0477744266";"";"";"";"";"";"";"";""
"F0429";"WELDOM";"";"";"";"";"";"";"";"";"";"";""
"F0430";"WESTFALEN";"57780";"ROSSELANGE";"0387501040";"";"";"";"";"";"";"";""
"F00000000526";"WURTH";"";"";"";"";"";"";"";"";"";"";""
"F0432";"XL";"LOCATION";"";"";"";"";"";"";"";"";"";""
"F0433";"YAMAHA";"FRANCE";"77312";"MARNE";"LA";"VALLÉE";"CEDEX2";"0164614000";"";"";"";""
